{
  "Low noise": {
    "fixed": {
      "qfi": 9.763715350111513,
      "p_err": 0.00013714348101221527,
      "r": 1.0115961189854814,
      "theta_deg": 0.0,
      "ell": 0.0,
      "wall_time_s": 134.94284868240356
    },
    "seeded": {
      "qfi": 9.763715350111521,
      "p_err": 0.00041259381172362674,
      "ell": -4.835065808030379e-09,
      "r": 1.0922226126356456,
      "theta_deg": -2.1757796136136705e-07,
      "wall_time_s": 127.39074397087097
    },
    "eta": 0.9,
    "gamma": 0.05
  },
  "High noise": {
    "fixed": {
      "qfi": 3.075334807830163,
      "p_err": 0.009336016236296442,
      "r": 1.0115961189854814,
      "theta_deg": 0.0,
      "ell": 0.0,
      "wall_time_s": 149.05015778541565
    },
    "seeded": {
      "qfi": 3.0753348078301626,
      "p_err": 0.015682728895195463,
      "ell": -7.626271582366407e-10,
      "r": 1.0924190058795882,
      "theta_deg": -3.431822212064883e-08,
      "wall_time_s": 133.6892237663269
    },
    "eta": 0.8,
    "gamma": 0.1
  }
}